{
  "project_info": {
    "project_number": "955518191256",
    "firebase_url": "https://vamos-53756.firebaseio.com",
    "project_id": "vamos-53756",
    "storage_bucket": "vamos-53756.appspot.com"
  },
  "client": [
    {
      "client_info": {
        "mobilesdk_app_id": "1:955518191256:android:db9e705674697788c4b2ed",
        "android_client_info": {
          "package_name": "abstractsoftweb.vamos"
        }
      },
      "oauth_client": [
        {
          "client_id": "955518191256-r63d1fn87sn7r6tkjbmfhnuq2crd1off.apps.googleusercontent.com",
          "client_type": 1,
          "android_info": {
            "package_name": "abstractsoftweb.vamos",
            "certificate_hash": "ed0c7b1f684f70db42f859a89f9d9d0cda24c401"
          }
        },
        {
          "client_id": "955518191256-m7h7prqg7o2s7qjrg4p9tqc1hn2e12vf.apps.googleusercontent.com",
          "client_type": 3
        }
      ],
      "api_key": [
        {
          "current_key": "AIzaSyDazCqpzyKa5d3mJkABeCU_ytU71FKXS9w"
        }
      ],
      "services": {
        "appinvite_service": {
          "other_platform_oauth_client": [
            {
              "client_id": "955518191256-m7h7prqg7o2s7qjrg4p9tqc1hn2e12vf.apps.googleusercontent.com",
              "client_type": 3
            }
          ]
        }
      }
    }
  ],
  "configuration_version": "1"
}